title,description,source,url,publishedAt,query,date
Investors cheer new crypto law while critics warn of potential for crisis,"After political wrangling, three crypto bills favored by Donald Trump have received key approvals on Capitol Hill, with one signed by the president into law.",NBC News,https://www.nbcnews.com/tech/crypto/genius-act-new-crypto-law-stablecoins-explained-rcna219658,2025-07-18 22:20:24+00:00,recession,2025-07-18
The Shirk Report – Volume 849,"Welcome to the Shirk Report where you will find 20 funny images, 10 interesting articles and 5 entertaining videos from the last 7 days of sifting. Most images found on Reddit; articles from Digg, Kottke, WITI, Facebook, Twitter, and email; videos come from e…",Twistedsifter.com,http://twistedsifter.com/2025/07/the-shirk-report-volume-849/,2025-07-18 22:04:25+00:00,recession,2025-07-18
China Just Started Using AI to Animate Film Adaptations — Is Labubu Next?,"Embracing the controversial technology might help retailer Pop Mart adapt the fad before it fizzles, but the cultural consequences in the U.S. could be dire.",IndieWire,https://www.indiewire.com/features/general/china-ai-labubu-1235137268/,2025-07-18 22:00:00+00:00,recession,2025-07-18
"Recession Odds Collapse from 70 Percent to 19 Percent, Lowest Ever Recorded on Polymarket","The odds of a U.S. recession have fallen to their lowest level ever recorded on Polymarket, dropping from 70 percent in late April to just 19 percent this week.
The post Recession Odds Collapse from 70 Percent to 19 Percent, Lowest Ever Recorded on Polymarket…",Breitbart News,https://www.breitbart.com/politics/2025/07/18/recession-odds-collapse-from-70-percent-to-19-percent-lowest-ever-recorded-on-polymarket/,2025-07-18 21:51:16+00:00,recession,2025-07-18
Trump’s attacks on Powell threaten the Fed’s independence. Here’s why it matters,Such an unprecedented step could send the financial markets into a tailspin.,Boston Herald,https://www.bostonherald.com/2025/07/18/federal-reserve-independence/,2025-07-18 21:30:00+00:00,recession,2025-07-18
Trump's attacks on Powell threaten the Fed's independence. Here's why it matters,"President Donald Trump has opened up a new front in his attack on the Federal Reserve and its chair, Jerome Powell: He says the alledged mismanagement of a building renovation project could be grounds for firing Powell",ABC News,https://abcnews.go.com/US/wireStory/trumps-attacks-powell-threaten-feds-independence-matters-123876570,2025-07-18 21:10:16+00:00,recession,2025-07-18
Scott Bessent Brutalizes Biden-Era Predecessor After She Invokes China In Attempt To Smear Trump,Treasury Secretary Scott Bessent blasted Janet Yellen for criticizing the Trump administration's policies in an interview with the Wire China published Friday.,The Daily Caller,https://dailycaller.com/2025/07/18/scott-bessent-janet-yellen-china/,2025-07-18 20:36:52+00:00,recession,2025-07-18
The Next Step: Is this young lawyer on track to retire?,"A 26-year-old lawyer in New York City wants to know if they're on track for retirement, but the most important factors aren't always clear. Financial...",Financial-planning.com,https://www.financial-planning.com/news/the-next-step-auditing-a-young-lawyers-retirement-plan,2025-07-18 20:35:47+00:00,recession,2025-07-18
What Stops This Train?,"How does this cycle come to an end?
The post What Stops This Train? appeared first on A Wealth of Common Sense.
...",Awealthofcommonsense.com,https://awealthofcommonsense.com/2025/07/what-stops-this-train/,2025-07-18 20:30:40+00:00,recession,2025-07-18
The Economy Sucks Right Now. Take Your Revenge With This New Money Trend,"You can't control the economy, but you can make money moves to help you ride out the storm.",CNET,https://www.cnet.com/personal-finance/banking/the-economy-sucks-right-now-take-your-revenge-with-this-new-money-trend/,2025-07-18 20:30:00+00:00,recession,2025-07-18
"Earnings live: Second quarter earnings season off to strong start with Tesla, Google on deck","Second quarter earnings season kicked off to a strong start. Investors now look ahead to Tesla and Google reporting the first ""Magnificent Seven"" results...",Yahoo Entertainment,https://finance.yahoo.com/news/live/earnings-live-second-quarter-earnings-season-off-to-strong-start-with-tesla-google-on-deck-202455792.html,2025-07-18 20:24:55+00:00,recession,2025-07-18
"Tariff Inflation Is Looking Real, So I'm Tracking 11 Key Products for Price Moves","A new report found inflation on the rise in June, another indicator of the affect Donald Trump's tariffs are having on the US economy.",CNET,https://www.cnet.com/tech/tariff-inflation-is-looking-real-so-im-tracking-11-key-products-for-price-moves/,2025-07-18 19:15:00+00:00,recession,2025-07-18
"Bond markets in Japan and the US are flashing red, exposing Australia's superannuation sector",The amount of leverage or borrowing tied to bonds at present is inching closer to what we saw prior to the global financial crisis.,ABC News (AU),https://www.abc.net.au/news/2025-07-19/australia-superannuation-japan-bond-market/105546320,2025-07-18 19:00:00+00:00,recession,2025-07-18
FAIR: ‘ICE Operates Within a Broader Apparatus Around Criminalization and the Deportation Machine’: CounterSpin interview with Silky Shah on mass deportation,"""They're actually using immigration enforcement as a pretense to go after people who don't agree with their ideas.""",FAIR,https://fair.org/home/ice-operates-within-a-broader-apparatus-around-criminalization-and-the-deportation-machine/,2025-07-18 18:54:23+00:00,recession,2025-07-18
8 Assumptions About Gen Z Employees—And Why They’re Incorrect,"When hiring Gen Zers, companies should reconsider their negative assumptions. It's not about accommodating weakness—it's about understanding context.",Forbes,https://www.forbes.com/sites/allbusiness/2025/07/18/8-assumptions-about-gen-z-employees-and-why-theyre-incorrect/,2025-07-18 17:59:52+00:00,recession,2025-07-18
The Next Leg Up Has Just Begun: Why I'm Expecting A 20% Gain Over The Next 6 Months,"The market is poised for another double-digit gain in 2025 after rebounding from the April selloff, but investors still need tried and true methods to really...",Yahoo Entertainment,https://finance.yahoo.com/news/next-leg-just-begun-why-175300938.html,2025-07-18 17:53:00+00:00,recession,2025-07-18
Fed Governor Chris Waller says he would accept Jerome Powell’s job if Trump asks,Waller favors a rate cut at the Fed's upcoming July 29-30 meeting because he feels the tariffs are likely to have a limited impact on inflation.,New York Post,https://nypost.com/2025/07/18/business/fed-governor-chris-waller-says-hes-willing-to-lead-fed-if-trump-asks/,2025-07-18 17:46:06+00:00,recession,2025-07-18
To Bitcoin or not to Bitcoin? A Corporate Cash Question!,,Blogger.com,https://www.blogger.com/comment/fullpage/post/8152901575140311047/8631703935959942737,2025-07-18 16:35:00+00:00,recession,2025-07-18
Victor Davis Hanson: The World Woke Up,"In less than six months, the entire world has been turned upside down. There is no longer such a thing as conventional wisdom or the status quo.",The Daily Caller,https://dailycaller.com/2025/07/18/victor-davis-hanson-world-woke-up/,2025-07-18 16:16:17+00:00,recession,2025-07-18
"Donald Trump’s tariffs are pulling in billions, but is it really a win?","Trump's trade war nearly quadrupled duties from January to June, but it could drop off from new deals, stronger dollar or recession. Read on",Financial Post,https://financialpost.com/news/economy/donald-trump-tariffs-billions-is-it-win,2025-07-18 15:41:40+00:00,recession,2025-07-18
6 Frugal Living Lessons From the Great Recession,"In This Article:
Economic uncertainty often forces a shift in how we spend and save. During the Great Recession of the late 2000s — when unemployment hit 10% and home values dropped by 30% — many tightened their budgets and focused on financial survival.
For …",Biztoc.com,https://biztoc.com/x/93b523776e5bc581,2025-07-18 14:13:21+00:00,recession,2025-07-18
Berlin rejects EU sanctions against Israel over Gaza,Germany chancellor says Israel ‘is defending itself against attack’,The Irish Times,https://www.irishtimes.com/world/2025/07/18/berlin-rejects-eu-sanctions-against-israel-over-gaza/,2025-07-18 14:04:10+00:00,recession,2025-07-18
"MiB: Neil Dutta, Economics Chief at Renaissance Macro Research","﻿﻿     This week, I speak with Neil Dutta, head of economics at Renaissance Macro Research. Neil leads their macroeconomic research efforts, with an emphasis on analyzing the US economy, Federal Reserve, global trends, and cross-market investment themes. Prio…",Ritholtz.com,https://ritholtz.com/2025/07/neil-dutta-renmac/,2025-07-18 14:00:38+00:00,recession,2025-07-18
"1.7 million Texans could lose health care under expiring tax credits, ACA changes in GOP megabill","Having never expanded Medicaid, Texas avoided most of the looming federal cuts other states will face. But the Affordable Care Act is a different story.",KERA News,https://www.keranews.org/texas-news/2025-07-18/1-7-million-texans-could-lose-health-care-under-expiring-tax-credits-aca-changes-in-gop-megabill,2025-07-18 13:54:48+00:00,recession,2025-07-18
"Stimulus payment 2025 update: another $1,390 relief check approved for Americans — who’s eligible, how to get it, and when to expect your money","Stimulus Payment 2025 is a new federal relief effort aimed at helping low and middle-income Americans manage rising costs and inflation. Set to roll out by mid-2025, this one-time $1,390 check will be sent automatically to eligible taxpayers, Social Security …",The Times of India,https://economictimes.indiatimes.com/news/international/us/stimulus-payment-2025-update-another-1390-relief-check-approved-for-americans-whos-eligible-how-to-get-it-and-when-to-expect-your-money/articleshow/122766633.cms,2025-07-18 13:33:00+00:00,recession,2025-07-18
States Where Workers Will See the Least Benefit From Trump’s New Tax Law,"Not all states will be better off under President Donald Trump's ""One Big Beautiful Bill Act,"" even though it has been advertised as a win for American...",Yahoo Entertainment,https://www.yahoo.com/news/states-where-workers-see-least-120632967.html,2025-07-18 12:06:32+00:00,recession,2025-07-18
How Video Game The Sims Inspired An $11 Million-Backed Startup,"AI startup Anam wants to make the most hyperrealistic avatars you've interacted with. Plus, Bilt Rewards' new (startling) valuation and Sydney Sweeney's Bezos-backed lingerie brand.",Forbes,https://www.forbes.com/sites/alexandrameier/2025/07/18/how-video-game-the-sims-inspired-an-11-million-backed-startup/,2025-07-18 12:00:00+00:00,recession,2025-07-18
What happens to our teeth as we age?,"Everyday wear and tear can take a significant toll on your teeth as you get older, so prioritising your oral health routine is essential.",The-independent.com,https://www.the-independent.com/life-style/health-and-families/what-happens-to-our-teeth-as-we-age-b2791600.html,2025-07-18 11:48:06+00:00,recession,2025-07-18
Why Markets May Soon Call America’s Tariff Bluff,"Financial markets have so far mitigated the impact of US President Donald Trump’s tariff threats by repeatedly forcing him to back down. But if investors become desensitized to Trump’s trade theatrics, they may embolden him to follow through.",Project Syndicate,https://www.project-syndicate.org/commentary/investors-are-no-longer-buying-trump-tariff-threats-by-pinelopi-koujianou-goldberg-2025-07,2025-07-18 11:40:29+00:00,recession,2025-07-18
Trump’s tariffs are tipping Europe toward recession,"Trump’s tariff threats—potentially up to 30% on E.U. imports—may tip Europe into recession by late 2025, some analysts say. European exporters are heavily reliant on the U.S. market, especially in autos and pharmaceuticals. The U.S. is the largest trading mar…",Biztoc.com,https://biztoc.com/x/35269a5fb42ad16a,2025-07-18 11:36:36+00:00,recession,2025-07-18
Trump’s tariffs are tipping Europe toward recession,The U.S. is Europe and Britain’s largest export market. About 20% of EU exports go to the U.S. at a value of around $581 billion. Europe’s trade doesn’t immediately have anywhere else to go.,Fortune,https://fortune.com/2025/07/18/trump-tariffs-europe-recession/,2025-07-18 11:26:54+00:00,recession,2025-07-18
Hawaii State Senator: Did Your Home Insurance Bill Increase? Big Oil Should Pay Up | Opinion,"As policymakers nationwide grapple with a growing insurance crisis, our first priority should be to protect consumers from extreme rate hikes and stabilize markets for insurers.",Newsweek,https://www.newsweek.com/hawaii-state-senator-did-your-home-insurance-bill-increase-big-oil-should-pay-opinion-2099743,2025-07-18 11:00:01+00:00,recession,2025-07-18
1.7 million Texans could lose health care under ACA changes,"Having never expanded Medicaid, Texas avoided most of the looming federal cuts other states will face. But the Affordable Care Act is a different story.",The Texas Tribune,https://www.texastribune.org/2025/07/18/texas-health-coverage-loss-trump-gop-megabill-affordable-care-act/,2025-07-18 10:08:46+00:00,recession,2025-07-18
German Chancellor Merz believes economic turnaround is under way,"Chancellor Friedrich Merz believes Germany is back on track economically. ""We have initiated the turnaround,"" Merz told reporters at the traditional summer...",Dpa-international.com,https://dpa-international.com/economics/urn:newsml:dpa.com:20090101:250718-99-491132/,2025-07-18 09:55:35+00:00,recession,2025-07-18
Look at Turkey if you want to know why markets hate the idea of Trump messing with the Fed,"""I certainly think there are lessons to be learned there that the administration should be aware of,"" said Morningstar Wealth's Dominic Pappalardo.",Business Insider,https://www.businessinsider.com/trump-powell-fed-meddling-markets-investors-turkey-inflation-central-bank-2025-7,2025-07-18 09:45:01+00:00,recession,2025-07-18
Opinion: Is the Great American Economic Machine Ready to Produce Prosperity?,Opinion: Is the Great American Economic Machine Ready to Produce Prosperity?,Boston Herald,https://www.bostonherald.com/2025/07/18/opinion-is-the-great-american-economic-machine-ready-to-produce-prosperity/,2025-07-18 09:42:12+00:00,recession,2025-07-18
"Accredited official statistics: Company insolvencies, June 2025","Monthly tables and commentary on the numbers, rates and sectors of companies that have entered formal insolvency procedures in England and Wales, Scotland and Northern Ireland.",Www.gov.uk,https://www.gov.uk/government/statistics/company-insolvencies-june-2025,2025-07-18 08:30:05+00:00,recession,2025-07-18
"Monsoon rains 9 pc above normal but northeast, south India reel under shortfall","NEW DELHI, July 18: India has received nine per cent more rainfall than normal so far this monsoon season, but the rain has not been evenly spread across the country. While some states like Jharkhand, Rajasthan and Ladakh received much more rain than usual, s…",Thehillstimes.in,https://thehillstimes.in/national/monsoon-rains-9-pc-above-normal-but-northeast-south-india-reel-under-shortfall,2025-07-18 23:15:00+00:00,gdp,2025-07-18
"Recession Odds Collapse from 70 Percent to 19 Percent, Lowest Ever Recorded on Polymarket","The odds of a U.S. recession have fallen to their lowest level ever recorded on Polymarket, dropping from 70 percent in late April to just 19 percent this week.
The post Recession Odds Collapse from 70 Percent to 19 Percent, Lowest Ever Recorded on Polymarket…",Breitbart News,https://www.breitbart.com/politics/2025/07/18/recession-odds-collapse-from-70-percent-to-19-percent-lowest-ever-recorded-on-polymarket/,2025-07-18 21:51:16+00:00,gdp,2025-07-18
Putin aide gives verdict on new EU sanctions,"Brussels is depriving the bloc of stable energy supplies from Russia, presidential investment envoy Kirill Dmitriev has said Read Full Article at RT.com",RT,https://www.rt.com/russia/621669-putin-aide-verdict-sanctions/,2025-07-18 21:02:03+00:00,gdp,2025-07-18
US Single-Family Homebuilding Falls To 11-Month Low,"Single-family housing starts fell by 4.6% to a seasonally adjusted annual rate of 883,000 units, the weakest level since July 2024, while building permits for future home construction dropped 3.7% to 866,000 units — the lowest since March 2023.",International Business Times,https://www.ibtimes.com/us-single-family-homebuilding-falls-11-month-low-3778900,2025-07-18 20:54:05+00:00,gdp,2025-07-18
Scott Bessent Brutalizes Biden-Era Predecessor After She Invokes China In Attempt To Smear Trump,Treasury Secretary Scott Bessent blasted Janet Yellen for criticizing the Trump administration's policies in an interview with the Wire China published Friday.,The Daily Caller,https://dailycaller.com/2025/07/18/scott-bessent-janet-yellen-china/,2025-07-18 20:36:52+00:00,gdp,2025-07-18
France a ‘fiscal time bomb’ for EU – Bloomberg,"Massive budget cuts planned by Paris could dent demand for the euro, according to global finance firm ING Read Full Article at RT.com",RT,https://www.rt.com/news/621666-france-budget-deficit-problems/,2025-07-18 20:17:39+00:00,gdp,2025-07-18
"Defence must get better at managing big, expensive projects, says chief","As AUKUS looms, Admiral David Johnston told the ABC his organisation needs to manage money better.",ABC News (AU),https://www.abc.net.au/news/2025-07-19/defence-chief-says-must-get-better-big-projects/105546632,2025-07-18 19:30:28+00:00,gdp,2025-07-18
Defence Minister Judith Collins talks tough to graduating Army recruits as global tensions rise,'People don't join the Army to sit at home and fight over the remote control.',New Zealand Herald,https://www.nzherald.co.nz/nz/politics/defence-minister-judith-collins-talks-tough-to-graduating-army-recruits-as-global-tensions-rise/7X5OPLXD4JCVRCLYA72ES2HTW4/,2025-07-18 19:00:00+00:00,gdp,2025-07-18
NSF-Backed ‘MaVila’ AI Brings Factory Floors Into The LLM Era,"An NSF-funded vision-language model can “see” a machine, identify defects, and suggest optimal process parameters in plain English, all in real time.",Forbes,https://www.forbes.com/sites/ronschmelzer/2025/07/18/nsf-backed-mavila-ai-brings-factory-floors-into-the-llm-era/,2025-07-18 18:44:44+00:00,gdp,2025-07-18
Q2 GDP Tracking: Mid-2s,"From BofA: Since our last weekly publication, our 2 Q GDP tracking is down one-tenth to 2.2% q/q saar . [July 18th estimate] emphasis added ...",Calculatedriskblog.com,https://www.calculatedriskblog.com/2025/07/q2-gdp-tracking-mid-2s.html,2025-07-18 18:44:00+00:00,gdp,2025-07-18
United CEO’s Bold Prediction: Struggling Rivals Will Cut Flights—And You’ll Pay Higher Fares,"We've aleady seen airlines pull back flying for the fall, in anticipation of lower demand. That's focused largely on early morning, late night and redeye trips and off-peak days. 
Continue reading United CEO’s Bold Prediction: Struggling Rivals Will Cut Fligh…",Viewfromthewing.com,https://viewfromthewing.com/united-ceos-bold-prediction-struggling-rivals-will-cut-flights-and-youll-pay-higher-fares/,2025-07-18 18:34:21+00:00,gdp,2025-07-18
Make agents of public dirtiness pay,"Despite initiatives like Swachh Bharat Abhiyan, India grapples with public squalor due to apathy towards civic sense. The Swachh Survekshan 2024-25 aims to laud urban sanitation, but lacks punitive measures against those contributing to dirtiness.",The Times of India,https://economictimes.indiatimes.com/opinion/et-editorial/make-agents-of-public-dirtiness-pay/articleshow/122770367.cms,2025-07-18 17:46:52+00:00,gdp,2025-07-18
Government ponders radical power reforms as prices rise – Thomas Coughlan,Opinion: The Govt is considering an overhaul of how the electricity market operates.,New Zealand Herald,https://www.nzherald.co.nz/nz/politics/government-ponders-radical-power-reforms-as-prices-rise-thomas-coughlan/ZHJOV2K2DNHH3PIU7XUMH5IRYU/,2025-07-18 17:00:00+00:00,gdp,2025-07-18
Slovenia’s parliament cancels referendum on NATO membership,"Slovenia scrapped a possible referendum on NATO membership, but it’s not the only country toying with putting defence policy to a public vote",EURACTIV,https://www.euractiv.com/section/defence/news/slovenias-parliament-cancels-referendum-on-nato-membership/,2025-07-18 16:54:46+00:00,gdp,2025-07-18
The United States Can’t Have a Manufacturing Renaissance Without Innovation,Trump’s cuts and erratic policies are undermining the foundation of American competitiveness.,Foreign Policy,http://foreignpolicy.com/2025/07/18/manufacturing-tariffs-artificial-intelligence-innovation-trump/,2025-07-18 16:53:31+00:00,gdp,2025-07-18
The New Tech Nationalists: Silicon Valley’s 2025 Power Play,"As Elon Musk and Peter Thiel expand their reach into military, disaster response and city development, governments find themselves increasingly reliant on private tech firms for essential services once considered public goods.",Observer,https://observer.com/2025/07/how-elon-musk-and-peter-thiel-consolidated-power-in-2025/,2025-07-18 16:50:26+00:00,gdp,2025-07-18
It doesn’t have to be welfare versus warfare. Changes that make tax fairer could fund both,Security comes at a price – but the government knows it can’t make ordinary households pay it.,The Conversation Africa,https://theconversation.com/it-doesnt-have-to-be-welfare-versus-warfare-changes-that-make-tax-fairer-could-fund-both-259812,2025-07-18 16:38:45+00:00,gdp,2025-07-18
Victor Davis Hanson: The World Woke Up,"In less than six months, the entire world has been turned upside down. There is no longer such a thing as conventional wisdom or the status quo.",The Daily Caller,https://dailycaller.com/2025/07/18/victor-davis-hanson-world-woke-up/,2025-07-18 16:16:17+00:00,gdp,2025-07-18
Germany’s Baerbock spent €250 a day on makeup – Bild,"The country’s previous government allocated half a million euros in public funds to styling services between 2022 and 2025, Bild wrote Read Full Article at RT.com",RT,https://www.rt.com/news/621661-getman-ministers-makeup-spending/,2025-07-18 16:02:09+00:00,gdp,2025-07-18
FEDS Note: The International Role of the U.S. Dollar – 2025 Edition,"Carol Bertaut, Bastian von Beschwitz, and Stephanie CurcuruFor most of the last century, the preeminent role of the U.S. dollar in the global economy has been supported by the size and strength of the U.S. economy, its stability and openness to trade and capi…",Federalreserve.gov,https://www.federalreserve.gov/econres/notes/feds-notes/the-international-role-of-the-u-s-dollar-2025-edition-20250718.html,2025-07-18 15:30:00+00:00,gdp,2025-07-18
"US stock market today: Wall Street pauses near record highs as earnings, inflation expectations take center stage","US stock market ends mixed as S&P 500 record high headlines the stock market today as it touched a new peak before pulling back slightly on Friday. Despite the dip, the S&P 500, Nasdaq, and Dow Jones are all headed for a winning week, backed by strong corpora…",The Times of India,https://economictimes.indiatimes.com/news/international/us/us-stock-market-today-wall-street-pauses-near-record-highs-sp-500-nasdaq-dip-netflix-plunges-american-express-falters-as-inflation-outlook-cools/articleshow/122768384.cms,2025-07-18 15:18:27+00:00,gdp,2025-07-18
Here's when a top economist says the US will see the most damage from Trump's tariffs,"Inflation from tariffs will likely keep rising until November or December, according to Apollo's chief economist Torsten Sløk.",Business Insider,https://www.businessinsider.com/inflation-trump-tariffs-impact-prices-stagflation-us-economy-slok-apollo-2025-7,2025-07-18 14:47:55+00:00,gdp,2025-07-18
What is a pig butchering scam and how might it lose you money?,Bing Han takes a look at the rise of ‘pig butchering scams’ and how you can avoid them,The-independent.com,https://www.the-independent.com/life-style/pig-butchering-scam-signs-money-b2791722.html,2025-07-18 14:47:28+00:00,gdp,2025-07-18
"Defending the Arctic is good policy, good politics and good business","How Canada Wins: With defence spending set to surge, investments in the Arctic could pay off for decades to come, Gary Mar and Mark Norman write",Financial Post,https://financialpost.com/news/economy/defending-arctic-good-policy-politics-business,2025-07-18 14:38:52+00:00,gdp,2025-07-18
Oil Prices Slide Under Trade and Inventory Pressures,"WTI crude oil traded between a high of $68.34 and low of $64.11 before reaching $66.28 as of Thursday's close, down $0.86 or -1.28%. The price action reflected competing fundamental forces: escalating geopolitical tensions that initially supported prices, fol…",OilPrice.com,https://oilprice.com/Energy/Energy-General/Oil-Prices-Slide-Under-Trade-and-Inventory-Pressures.html,2025-07-18 14:30:00+00:00,gdp,2025-07-18
"Rain showers North and West, but South and Northeast India face a dry spell despite 9% monsoon surge","India has experienced 9% above-average rainfall this monsoon, though unevenly distributed, leading to floods in some states while others await adequate rain. Jharkhand and Rajasthan saw significantly higher rainfall, while several states experienced normal le…",The Times of India,https://economictimes.indiatimes.com/news/new-updates/monsoon-rains-9-pc-above-normal-but-northeast-south-india-reel-under-shortfall/articleshow/122767699.cms,2025-07-18 14:13:41+00:00,gdp,2025-07-18
Balancing tourism development and habitat conservation in fragile ecosystems: A case study of the Qinghai-Tibet Plateau,"As a typical representative of global ecologically fragile areas and emerging tourism hotspots, the Qinghai-Tibet Plateau has important research value in its collaborative path between ecosystem protection and tourism development. We take Gannan Tibetan Auton…",Plos.org,https://journals.plos.org/plosone/article?id=10.1371/journal.pone.0327803,2025-07-18 14:00:00+00:00,gdp,2025-07-18
Indicator from the graph Laplacian of stock market time series cross-sections can precisely determine the durations of market crashes,"Stock market crashes are believed to occur unpredictably and have profound negative impacts on the economy and society. However, there is no universally agreed-upon definition of stock market crashes, whether it is an actual market state (implying that there …",Plos.org,https://journals.plos.org/plosone/article?id=10.1371/journal.pone.0327391,2025-07-18 14:00:00+00:00,gdp,2025-07-18
"AI Update, July 18, 2025: AI News and Views From the Past Week",Catch up on select AI news and developments from the past week or so. Stay in the know. Read the full article at MarketingProfs,MarketingProfs.com,https://www.marketingprofs.com/opinions/2025/53455/ai-update-july-18-2025-ai-news-and-views-from-the-past-week,2025-07-18 14:00:00+00:00,gdp,2025-07-18
"Military Rotorcraft Top 5 Manufacturers - Strategy Focus Report 2025, Featuring Airbus Helicopters, Bell, Boeing, Leonardo, and Sikorsky","Discover strategic insights on global defense industry growth amid rising geopolitical tensions, conflicts, and soaring defense budgets nearly reaching $2.5 trillion in 2024. Explore top military helicopter manufacturers’ strategies, market trends, and opport…",GlobeNewswire,https://www.globenewswire.com/news-release/2025/07/18/3117978/28124/en/Military-Rotorcraft-Top-5-Manufacturers-Strategy-Focus-Report-2025-Featuring-Airbus-Helicopters-Bell-Boeing-Leonardo-and-Sikorsky.html,2025-07-18 13:52:00+00:00,gdp,2025-07-18
Fed Official Calls For Rate Cut Amid Ongoing Pressure From Trump,Federal Reserve Gov. Christopher Waller on Thursday called for the central bank to cut interest rates in July.,The Daily Caller,https://dailycaller.com/2025/07/18/christopher-waller-federal-reserve-rate-cut-trump/,2025-07-18 13:47:32+00:00,gdp,2025-07-18
"Business Cycle Indicators – Industrial, Manufacturing Production, Retail Sales","Up for all three, although production essentially flat since February, and real retail sales down since March. Indicators followed by the NBER’s BCDC in Figure 1: Figure 1: Nonfarm Payroll incl benchmark revision employment from CES (bold blue), civilian empl…",Econbrowser.com,https://econbrowser.com/archives/2025/07/business-cycle-indicators-industrial-manufacturing-production-retail-sales,2025-07-18 12:59:00+00:00,gdp,2025-07-18
Global Times: Translators' Voices: Moral framing becomes a key lever of China's geo-economic influence,"China champions Global South unity via BRICS, tech cooperation, and fair global governance for shared future development. China champions Global South unity via BRICS, tech cooperation, and fair global governance for shared future development.",GlobeNewswire,https://www.globenewswire.com/news-release/2025/07/18/3117899/0/en/Global-Times-Translators-Voices-Moral-framing-becomes-a-key-lever-of-China-s-geo-economic-influence.html,2025-07-18 12:52:00+00:00,gdp,2025-07-18
Explainer-French PM aims to soften opposition to his budget to avert new crisis,PARIS (Reuters) -French Prime Minister Francois Bayrou has to convince opposition Socialist lawmakers in the coming months to tolerate his 44 billion euro budget squeeze or he faces the risk of being toppled. Read full story,The Star Online,https://www.thestar.com.my/news/world/2025/07/18/explainer-french-pm-aims-to-soften-opposition-to-his-budget-to-avert-new-crisis,2025-07-18 12:52:00+00:00,gdp,2025-07-18
Explainer-French PM aims to soften opposition to his budget to avert new crisis,PARIS (Reuters) -French Prime Minister Francois Bayrou has to convince opposition Socialist lawmakers in the coming months to tolerate his 44 billion euro...,Yahoo Entertainment,https://uk.finance.yahoo.com/news/explainer-french-pm-aims-soften-124727542.html,2025-07-18 12:47:27+00:00,gdp,2025-07-18
US single-family homebuilding hits 11-month low; building permits slump,WASHINGTON (Reuters) -U.S. single-family homebuilding dropped to an 11-month low in June as high mortgage rates and economic uncertainty hampered home...,Yahoo Entertainment,https://finance.yahoo.com/news/us-single-family-housing-starts-124239864.html,2025-07-18 12:42:39+00:00,gdp,2025-07-18
"From Urjit Patel's resignation to Trump-Powell feud, here's a look into govt-central bank clashes over the years","Donald Trump's past clashes with Fed Chair Jerome Powell over interest rates highlight the ongoing tension between political desires for cheap money and the central bank's need to control inflation. Historical examples, like Nixon's manipulation of Arthur Bur…",The Times of India,https://economictimes.indiatimes.com/news/new-updates/from-urjit-patels-resignation-to-trump-powell-feud-heres-a-look-into-govt-central-bank-clashes-over-the-years/articleshow/122766075.cms,2025-07-18 12:33:13+00:00,gdp,2025-07-18
"Indonesia supports stronger G20 trade ties, says finance minister","Indonesia welcomes efforts to strengthen economic cooperation at the 4th G20 Meeting of Finance Ministers and Central Bank Governors, held in South Africa ...",Antaranews.com,https://en.antaranews.com/news/367369/indonesia-supports-stronger-g20-trade-ties-says-finance-minister,2025-07-18 12:23:27+00:00,gdp,2025-07-18
No chill without volatility: Prateek Agrawal on playing the long game in India’s new market era,"In a candid ETMarkets chat, Prateek Agrawal of Motilal Oswal Asset Management Company breaks down why compounding wealth in India today means staying bold, tuning out the noise, and ditching the index-hugger mindset—because fortune favours the long-term minds…",The Times of India,https://economictimes.indiatimes.com/markets/expert-view/no-chill-without-volatility-prateek-agrawal-on-playing-the-long-game-in-indias-new-market-era/articleshow/122765564.cms,2025-07-18 12:12:51+00:00,gdp,2025-07-18
"Missiles, mutual aid, and a drone factory: UK and Germany sign historic defence treaty with eye on Russia and Trump’s NATO drift","The UK and Germany have signed the Kensington Treaty, a landmark defence agreement pledging mutual military support and deeper cooperation. Signed by Prime Minister Keir Starmer and Chancellor Friedrich Merz, the treaty addresses growing European security con…",The Times of India,https://economictimes.indiatimes.com/news/defence/missiles-mutual-aid-and-a-drone-factory-uk-and-germany-sign-historic-defence-treaty-with-eye-on-russia-and-trumps-nato-drift/articleshow/122765303.cms,2025-07-18 12:11:42+00:00,gdp,2025-07-18
UK sanctions Russian spies at the heart of Putin’s malicious regime,The UK has exposed Russian spies responsible for spreading chaos and disorder on Putin's orders.,Www.gov.uk,https://www.gov.uk/government/news/uk-sanctions-russian-spies-at-the-heart-of-putins-malicious-regime,2025-07-18 11:50:24+00:00,gdp,2025-07-18
"US Dollar’s ‘Supremacy Premium’ To Erode Further if Fed Is Forced To Intervene in Bond Market, Says Global Macro Analyst at $15,000,000,000,000 Asset Administrator","Fidelity Investments’ global macro director Jurrien Timmer says that the US dollar’s global supremacy may erode further if one event occurs. In a new thread on the social media platform X, Timmer says that if the Fed is forced to prop up the bond market, such…",The Daily Hodl,https://dailyhodl.com/2025/07/18/us-dollars-supremacy-premium-to-erode-further-if-fed-is-forced-to-intervene-in-bond-market-says-global-macro-analyst-at-15000000000000-asset-administrator/,2025-07-18 11:45:40+00:00,gdp,2025-07-18
Trump’s tariffs are tipping Europe toward recession,The U.S. is Europe and Britain’s largest export market. About 20% of EU exports go to the U.S. at a value of around $581 billion. Europe’s trade doesn’t immediately have anywhere else to go.,Fortune,https://fortune.com/2025/07/18/trump-tariffs-europe-recession/,2025-07-18 11:26:54+00:00,gdp,2025-07-18
